Past Closing Day Records,
# of days before 12/13/2023,Close
0,92.830002
1,91.07
2,92.199997
5,92.82
6,92.349998
7,91.5
8,90.790001
9,92.010002
12,92.580002
13,92.690002
14,92.5
15,92.5
16,95.169998
18,96.059998
20,95.07
21,94.449997
22,95.029999
25,94.150002
26,94.510002
27,93.93
28,91.07
29,89.440002
32,88.269997
33,90.339996
34,84.5
35,84.589996
36,84.019997
39,85.07
